{
  "average_frame_build_time_millis": 4.981472222222222,
  "90th_percentile_frame_build_time_millis": 12.677,
  "99th_percentile_frame_build_time_millis": 25.233,
  "worst_frame_build_time_millis": 25.233,
  "missed_frame_build_budget_count": 1,
  "average_frame_rasterizer_time_millis": 0.5493823529411768,
  "stddev_frame_rasterizer_time_millis": 0.061250865051903115,
  "90th_percentile_frame_rasterizer_time_millis": 0.646,
  "99th_percentile_frame_rasterizer_time_millis": 0.686,
  "worst_frame_rasterizer_time_millis": 0.686,
  "missed_frame_rasterizer_budget_count": 0,
  "frame_count": 36,
  "frame_rasterizer_count": 34,
  "new_gen_gc_count": 24,
  "old_gen_gc_count": 16,
  "frame_build_times": [
    6959,
    275,
    7290,
    331,
    8205,
    406,
    7269,
    342,
    13778,
    378,
    7427,
    302,
    7902,
    297,
    4129,
    2521,
    2405,
    25233,
    6510,
    386,
    7068,
    450,
    11922,
    354,
    7495,
    420,
    8058,
    380,
    4222,
    680,
    1392,
    13931,
    12677,
    354,
    7258,
    327
  ],
  "frame_rasterizer_times": [
    614,
    607,
    500,
    545,
    581,
    624,
    527,
    525,
    604,
    485,
    429,
    503,
    585,
    533,
    424,
    646,
    501,
    624,
    598,
    686,
    504,
    539,
    601,
    659,
    489,
    579,
    605,
    548,
    314,
    524,
    488,
    513,
    669,
    506
  ],
  "frame_begin_times": [
    0,
    49857,
    66679,
    116426,
    133205,
    183059,
    199952,
    249895,
    266481,
    333159,
    349819,
    399745,
    416568,
    466427,
    483274,
    533171,
    549995,
    599823,
    633316,
    699833,
    716561,
    766517,
    783180,
    833063,
    849998,
    899829,
    916557,
    966374,
    983279,
    1033117,
    1049846,
    1099781,
    1133281,
    1183107,
    1200004,
    1249828
  ],
  "frame_rasterizer_begin_times": [
    0,
    44885,
    67393,
    111547,
    133279,
    178447,
    205008,
    261745,
    283169,
    328191,
    350902,
    394888,
    414031,
    463358,
    479217,
    545049,
    565996,
    628346,
    649750,
    695011,
    721076,
    761619,
    783525,
    828392,
    850623,
    894851,
    913977,
    961829,
    978752,
    1039694,
    1067136,
    1111673,
    1133520,
    1178364
  ],
  "average_vsync_transitions_missed": 1.0,
  "90th_percentile_vsync_transitions_missed": 1.0,
  "99th_percentile_vsync_transitions_missed": 1.0,
  "average_vsync_frame_lag": 0.0,
  "90th_percentile_vsync_frame_lag": 0.0,
  "99th_percentile_vsync_frame_lag": 0.0,
  "average_layer_cache_count": 0.0,
  "90th_percentile_layer_cache_count": 0.0,
  "99th_percentile_layer_cache_count": 0.0,
  "average_frame_request_pending_latency": 13883.18918918919,
  "90th_percentile_frame_request_pending_latency": 16675.0,
  "99th_percentile_frame_request_pending_latency": 33306.0,
  "worst_layer_cache_count": 0.0,
  "average_layer_cache_memory": 0.0,
  "90th_percentile_layer_cache_memory": 0.0,
  "99th_percentile_layer_cache_memory": 0.0,
  "worst_layer_cache_memory": 0.0,
  "average_picture_cache_count": 0.0,
  "90th_percentile_picture_cache_count": 0.0,
  "99th_percentile_picture_cache_count": 0.0,
  "worst_picture_cache_count": 0.0,
  "average_picture_cache_memory": 0.0,
  "90th_percentile_picture_cache_memory": 0.0,
  "99th_percentile_picture_cache_memory": 0.0,
  "worst_picture_cache_memory": 0.0,
  "total_ui_gc_time": 47.16999999999999,
  "30hz_frame_percentage": 0.0,
  "60hz_frame_percentage": 100.0,
  "80hz_frame_percentage": 0.0,
  "90hz_frame_percentage": 0.0,
  "120hz_frame_percentage": 0.0,
  "illegal_refresh_rate_frame_count": 0,
  "average_gpu_frame_time": 0.710227,
  "90th_percentile_gpu_frame_time": 0.976562,
  "99th_percentile_gpu_frame_time": 1.953125,
  "worst_gpu_frame_time": 1.953125,
  "average_gpu_memory_mb": 4.000004000000001,
  "90th_percentile_gpu_memory_mb": 4.000004,
  "99th_percentile_gpu_memory_mb": 4.000004,
  "worst_gpu_memory_mb": 4.000004,
  "average_cpu_usage": 54.800002,
  "90th_percentile_cpu_usage": 54.800002,
  "99th_percentile_cpu_usage": 54.800002,
  "average_gpu_usage": 9.0,
  "90th_percentile_gpu_usage": 9.0,
  "99th_percentile_gpu_usage": 9.0,
  "average_memory_usage": 201.984375,
  "90th_percentile_memory_usage": 201.984375,
  "99th_percentile_memory_usage": 201.984375
}