{
  "average_frame_build_time_millis": 5.031138888888889,
  "90th_percentile_frame_build_time_millis": 13.617,
  "99th_percentile_frame_build_time_millis": 24.991,
  "worst_frame_build_time_millis": 24.991,
  "missed_frame_build_budget_count": 1,
  "average_frame_rasterizer_time_millis": 0.5399444444444444,
  "stddev_frame_rasterizer_time_millis": 0.0702283950617284,
  "90th_percentile_frame_rasterizer_time_millis": 0.657,
  "99th_percentile_frame_rasterizer_time_millis": 0.675,
  "worst_frame_rasterizer_time_millis": 0.675,
  "missed_frame_rasterizer_budget_count": 0,
  "frame_count": 36,
  "frame_rasterizer_count": 36,
  "new_gen_gc_count": 24,
  "old_gen_gc_count": 16,
  "frame_build_times": [
    7453,
    312,
    7142,
    373,
    9245,
    358,
    7179,
    496,
    13636,
    375,
    7404,
    349,
    7770,
    272,
    4140,
    2554,
    2207,
    24991,
    6520,
    357,
    7169,
    326,
    15669,
    386,
    7078,
    366,
    8117,
    348,
    3393,
    598,
    1395,
    13617,
    12084,
    371,
    6826,
    245
  ],
  "frame_rasterizer_times": [
    409,
    473,
    614,
    621,
    479,
    487,
    582,
    671,
    423,
    544,
    619,
    550,
    492,
    452,
    670,
    524,
    409,
    632,
    491,
    552,
    622,
    675,
    505,
    586,
    604,
    552,
    503,
    571,
    657,
    465,
    307,
    548,
    485,
    580,
    613,
    471
  ],
  "frame_begin_times": [
    0,
    49884,
    66692,
    116550,
    133301,
    183180,
    200050,
    249810,
    266617,
    316513,
    333296,
    383278,
    400055,
    449816,
    466717,
    516550,
    533364,
    583288,
    616716,
    683299,
    700058,
    749806,
    766615,
    816568,
    833274,
    883206,
    900046,
    949770,
    966673,
    1016584,
    1033378,
    1083216,
    1116589,
    1166535,
    1183209,
    1233122
  ],
  "frame_rasterizer_begin_times": [
    0,
    44409,
    65978,
    111115,
    134641,
    177734,
    199398,
    244479,
    270051,
    311081,
    332797,
    377894,
    400248,
    444378,
    463306,
    512787,
    528511,
    594537,
    615642,
    677924,
    699353,
    744333,
    772321,
    811147,
    832667,
    877755,
    900310,
    944307,
    962927,
    1011357,
    1028344,
    1088883,
    1116049,
    1161105,
    1182511,
    1227587
  ],
  "average_vsync_transitions_missed": 1.0,
  "90th_percentile_vsync_transitions_missed": 1.0,
  "99th_percentile_vsync_transitions_missed": 1.0,
  "average_vsync_frame_lag": 0.0,
  "90th_percentile_vsync_frame_lag": 0.0,
  "99th_percentile_vsync_frame_lag": 0.0,
  "average_layer_cache_count": 0.0,
  "90th_percentile_layer_cache_count": 0.0,
  "99th_percentile_layer_cache_count": 0.0,
  "average_frame_request_pending_latency": 13849.684931506848,
  "90th_percentile_frame_request_pending_latency": 16691.0,
  "99th_percentile_frame_request_pending_latency": 33224.0,
  "worst_layer_cache_count": 0.0,
  "average_layer_cache_memory": 0.0,
  "90th_percentile_layer_cache_memory": 0.0,
  "99th_percentile_layer_cache_memory": 0.0,
  "worst_layer_cache_memory": 0.0,
  "average_picture_cache_count": 0.0,
  "90th_percentile_picture_cache_count": 0.0,
  "99th_percentile_picture_cache_count": 0.0,
  "worst_picture_cache_count": 0.0,
  "average_picture_cache_memory": 0.0,
  "90th_percentile_picture_cache_memory": 0.0,
  "99th_percentile_picture_cache_memory": 0.0,
  "worst_picture_cache_memory": 0.0,
  "total_ui_gc_time": 50.16900000000001,
  "30hz_frame_percentage": 0.0,
  "60hz_frame_percentage": 100.0,
  "80hz_frame_percentage": 0.0,
  "90hz_frame_percentage": 0.0,
  "120hz_frame_percentage": 0.0,
  "illegal_refresh_rate_frame_count": 0,
  "average_gpu_frame_time": 0.7512015384615385,
  "90th_percentile_gpu_frame_time": 0.976562,
  "99th_percentile_gpu_frame_time": 0.976562,
  "worst_gpu_frame_time": 0.976562,
  "average_gpu_memory_mb": 4.000004,
  "90th_percentile_gpu_memory_mb": 4.000004,
  "99th_percentile_gpu_memory_mb": 4.000004,
  "worst_gpu_memory_mb": 4.000004,
  "average_cpu_usage": 52.300001,
  "90th_percentile_cpu_usage": 52.300001,
  "99th_percentile_cpu_usage": 52.300001,
  "average_gpu_usage": 0.0,
  "90th_percentile_gpu_usage": 0.0,
  "99th_percentile_gpu_usage": 0.0,
  "average_memory_usage": 207.234375,
  "90th_percentile_memory_usage": 207.234375,
  "99th_percentile_memory_usage": 207.234375
}