{
  "average_frame_build_time_millis": 5.091694444444445,
  "90th_percentile_frame_build_time_millis": 13.029,
  "99th_percentile_frame_build_time_millis": 23.093,
  "worst_frame_build_time_millis": 23.093,
  "missed_frame_build_budget_count": 1,
  "average_frame_rasterizer_time_millis": 0.5546388888888888,
  "stddev_frame_rasterizer_time_millis": 0.06550771604938269,
  "90th_percentile_frame_rasterizer_time_millis": 0.649,
  "99th_percentile_frame_rasterizer_time_millis": 0.725,
  "worst_frame_rasterizer_time_millis": 0.725,
  "missed_frame_rasterizer_budget_count": 0,
  "frame_count": 36,
  "frame_rasterizer_count": 36,
  "new_gen_gc_count": 24,
  "old_gen_gc_count": 16,
  "frame_build_times": [
    8398,
    271,
    7345,
    396,
    10049,
    436,
    7366,
    299,
    15116,
    389,
    7770,
    369,
    7357,
    275,
    3970,
    2531,
    2133,
    23093,
    6752,
    430,
    6658,
    402,
    13029,
    371,
    7381,
    355,
    10019,
    377,
    4010,
    568,
    1400,
    13760,
    12500,
    394,
    7055,
    277
  ],
  "frame_rasterizer_times": [
    493,
    548,
    618,
    611,
    484,
    595,
    612,
    583,
    491,
    518,
    607,
    544,
    408,
    486,
    649,
    572,
    436,
    650,
    513,
    725,
    594,
    722,
    534,
    511,
    604,
    638,
    505,
    534,
    602,
    480,
    328,
    535,
    499,
    633,
    593,
    512
  ],
  "frame_begin_times": [
    0,
    49841,
    66801,
    116578,
    133390,
    183272,
    200016,
    249994,
    266601,
    316505,
    333343,
    383281,
    399967,
    449876,
    466724,
    516489,
    533321,
    583180,
    616701,
    683158,
    699860,
    749887,
    766601,
    816483,
    833276,
    883138,
    900016,
    949789,
    966692,
    1016528,
    1033352,
    1083220,
    1116614,
    1166583,
    1183189,
    1233190
  ],
  "frame_rasterizer_begin_times": [
    0,
    43977,
    65744,
    110743,
    135006,
    177444,
    199065,
    244113,
    270256,
    310641,
    332599,
    377436,
    399402,
    444005,
    462877,
    512317,
    527952,
    592244,
    615286,
    677252,
    698316,
    744044,
    770844,
    810664,
    832186,
    877177,
    901782,
    943972,
    962934,
    1010804,
    1027872,
    1088610,
    1115717,
    1160717,
    1182059,
    1227286
  ],
  "average_vsync_transitions_missed": 0.0,
  "90th_percentile_vsync_transitions_missed": 0.0,
  "99th_percentile_vsync_transitions_missed": 0.0,
  "average_vsync_frame_lag": 0.0,
  "90th_percentile_vsync_frame_lag": 0.0,
  "99th_percentile_vsync_frame_lag": 0.0,
  "average_layer_cache_count": 0.0,
  "90th_percentile_layer_cache_count": 0.0,
  "99th_percentile_layer_cache_count": 0.0,
  "average_frame_request_pending_latency": 13706.013698630137,
  "90th_percentile_frame_request_pending_latency": 16717.0,
  "99th_percentile_frame_request_pending_latency": 33246.0,
  "worst_layer_cache_count": 0.0,
  "average_layer_cache_memory": 0.0,
  "90th_percentile_layer_cache_memory": 0.0,
  "99th_percentile_layer_cache_memory": 0.0,
  "worst_layer_cache_memory": 0.0,
  "average_picture_cache_count": 0.0,
  "90th_percentile_picture_cache_count": 0.0,
  "99th_percentile_picture_cache_count": 0.0,
  "worst_picture_cache_count": 0.0,
  "average_picture_cache_memory": 0.0,
  "90th_percentile_picture_cache_memory": 0.0,
  "99th_percentile_picture_cache_memory": 0.0,
  "worst_picture_cache_memory": 0.0,
  "total_ui_gc_time": 51.18299999999999,
  "30hz_frame_percentage": 0.0,
  "60hz_frame_percentage": 100.0,
  "80hz_frame_percentage": 0.0,
  "90hz_frame_percentage": 0.0,
  "120hz_frame_percentage": 0.0,
  "illegal_refresh_rate_frame_count": 0,
  "average_gpu_frame_time": 0.7595482222222221,
  "90th_percentile_gpu_frame_time": 0.976562,
  "99th_percentile_gpu_frame_time": 0.976562,
  "worst_gpu_frame_time": 0.976562,
  "average_gpu_memory_mb": 4.000004,
  "90th_percentile_gpu_memory_mb": 4.000004,
  "99th_percentile_gpu_memory_mb": 4.000004,
  "worst_gpu_memory_mb": 4.000004,
  "average_cpu_usage": 54.500001,
  "90th_percentile_cpu_usage": 54.500001,
  "99th_percentile_cpu_usage": 54.500001,
  "average_gpu_usage": 9.0,
  "90th_percentile_gpu_usage": 9.0,
  "99th_percentile_gpu_usage": 9.0,
  "average_memory_usage": 206.703125,
  "90th_percentile_memory_usage": 206.703125,
  "99th_percentile_memory_usage": 206.703125
}