{
  "average_frame_build_time_millis": 4.860027027027028,
  "90th_percentile_frame_build_time_millis": 12.217,
  "99th_percentile_frame_build_time_millis": 21.349,
  "worst_frame_build_time_millis": 21.349,
  "missed_frame_build_budget_count": 1,
  "average_frame_rasterizer_time_millis": 0.5430555555555555,
  "stddev_frame_rasterizer_time_millis": 0.0630617283950617,
  "90th_percentile_frame_rasterizer_time_millis": 0.625,
  "99th_percentile_frame_rasterizer_time_millis": 0.696,
  "worst_frame_rasterizer_time_millis": 0.696,
  "missed_frame_rasterizer_budget_count": 0,
  "frame_count": 37,
  "frame_rasterizer_count": 36,
  "new_gen_gc_count": 24,
  "old_gen_gc_count": 18,
  "frame_build_times": [
    316,
    7955,
    269,
    7335,
    356,
    10531,
    354,
    6926,
    371,
    13627,
    353,
    7062,
    298,
    6689,
    267,
    3956,
    2575,
    1507,
    21349,
    6389,
    342,
    6984,
    327,
    15386,
    289,
    7384,
    320,
    8079,
    365,
    3979,
    656,
    1816,
    15124,
    12217,
    359,
    7339,
    370
  ],
  "frame_rasterizer_times": [
    471,
    466,
    605,
    624,
    653,
    494,
    599,
    572,
    425,
    541,
    538,
    454,
    489,
    487,
    625,
    534,
    308,
    624,
    501,
    555,
    618,
    594,
    509,
    475,
    624,
    530,
    499,
    538,
    668,
    573,
    432,
    517,
    518,
    576,
    696,
    618
  ],
  "frame_begin_times": [
    0,
    16889,
    66747,
    83625,
    133391,
    150184,
    200077,
    216711,
    266681,
    283456,
    333416,
    350177,
    400098,
    416805,
    466734,
    483552,
    533389,
    550128,
    600055,
    633372,
    683316,
    700164,
    750047,
    766769,
    816619,
    833480,
    883374,
    900090,
    950001,
    966857,
    1016756,
    1033523,
    1083369,
    1116773,
    1166749,
    1183583,
    1233332
  ],
  "frame_rasterizer_begin_times": [
    0,
    44169,
    65985,
    110893,
    135536,
    177516,
    198461,
    244092,
    268561,
    310856,
    332556,
    377610,
    398872,
    444233,
    463016,
    512590,
    528023,
    590784,
    615079,
    660811,
    682231,
    727563,
    757084,
    793997,
    815807,
    860859,
    883217,
    927489,
    946315,
    994423,
    1011498,
    1073573,
    1099071,
    1144239,
    1165941,
    1210804
  ],
  "average_vsync_transitions_missed": 0.0,
  "90th_percentile_vsync_transitions_missed": 0.0,
  "99th_percentile_vsync_transitions_missed": 0.0,
  "average_vsync_frame_lag": 0.0,
  "90th_percentile_vsync_frame_lag": 0.0,
  "99th_percentile_vsync_frame_lag": 0.0,
  "average_layer_cache_count": 0.0,
  "90th_percentile_layer_cache_count": 0.0,
  "99th_percentile_layer_cache_count": 0.0,
  "average_frame_request_pending_latency": 13867.027397260274,
  "90th_percentile_frame_request_pending_latency": 16675.0,
  "99th_percentile_frame_request_pending_latency": 33193.0,
  "worst_layer_cache_count": 0.0,
  "average_layer_cache_memory": 0.0,
  "90th_percentile_layer_cache_memory": 0.0,
  "99th_percentile_layer_cache_memory": 0.0,
  "worst_layer_cache_memory": 0.0,
  "average_picture_cache_count": 0.0,
  "90th_percentile_picture_cache_count": 0.0,
  "99th_percentile_picture_cache_count": 0.0,
  "worst_picture_cache_count": 0.0,
  "average_picture_cache_memory": 0.0,
  "90th_percentile_picture_cache_memory": 0.0,
  "99th_percentile_picture_cache_memory": 0.0,
  "worst_picture_cache_memory": 0.0,
  "total_ui_gc_time": 49.19999999999999,
  "30hz_frame_percentage": 0.0,
  "60hz_frame_percentage": 100.0,
  "80hz_frame_percentage": 0.0,
  "90hz_frame_percentage": 0.0,
  "120hz_frame_percentage": 0.0,
  "illegal_refresh_rate_frame_count": 0,
  "average_gpu_frame_time": 0.7512015384615385,
  "90th_percentile_gpu_frame_time": 0.976562,
  "99th_percentile_gpu_frame_time": 0.976562,
  "worst_gpu_frame_time": 0.976562,
  "average_gpu_memory_mb": 4.000004,
  "90th_percentile_gpu_memory_mb": 4.000004,
  "99th_percentile_gpu_memory_mb": 4.000004,
  "worst_gpu_memory_mb": 4.000004,
  "average_cpu_usage": 56.6,
  "90th_percentile_cpu_usage": 56.6,
  "99th_percentile_cpu_usage": 56.6,
  "average_gpu_usage": 0.0,
  "90th_percentile_gpu_usage": 0.0,
  "99th_percentile_gpu_usage": 0.0,
  "average_memory_usage": 210.8125,
  "90th_percentile_memory_usage": 210.8125,
  "99th_percentile_memory_usage": 210.8125
}