{
  "average_frame_build_time_millis": 4.9592222222222215,
  "90th_percentile_frame_build_time_millis": 11.81,
  "99th_percentile_frame_build_time_millis": 25.447,
  "worst_frame_build_time_millis": 25.447,
  "missed_frame_build_budget_count": 1,
  "average_frame_rasterizer_time_millis": 0.5541944444444444,
  "stddev_frame_rasterizer_time_millis": 0.06354938271604939,
  "90th_percentile_frame_rasterizer_time_millis": 0.63,
  "99th_percentile_frame_rasterizer_time_millis": 0.954,
  "worst_frame_rasterizer_time_millis": 0.954,
  "missed_frame_rasterizer_budget_count": 0,
  "frame_count": 36,
  "frame_rasterizer_count": 36,
  "new_gen_gc_count": 24,
  "old_gen_gc_count": 16,
  "frame_build_times": [
    7920,
    330,
    7274,
    356,
    8200,
    350,
    7297,
    306,
    11810,
    404,
    7467,
    354,
    7914,
    285,
    3910,
    2536,
    2211,
    25447,
    6485,
    319,
    7070,
    354,
    14862,
    353,
    7432,
    429,
    8097,
    380,
    4125,
    735,
    1905,
    13112,
    11027,
    350,
    6840,
    286
  ],
  "frame_rasterizer_times": [
    462,
    500,
    591,
    616,
    490,
    519,
    593,
    606,
    431,
    539,
    590,
    555,
    509,
    522,
    631,
    552,
    413,
    611,
    511,
    520,
    608,
    623,
    499,
    544,
    613,
    643,
    487,
    545,
    630,
    582,
    429,
    521,
    453,
    565,
    954,
    494
  ],
  "frame_begin_times": [
    0,
    49897,
    66722,
    116479,
    133247,
    183162,
    200042,
    249943,
    266603,
    316500,
    333256,
    383265,
    399985,
    449905,
    466732,
    516560,
    533392,
    583146,
    616488,
    683186,
    699937,
    749809,
    766578,
    816481,
    833333,
    883130,
    899965,
    949783,
    966805,
    1016471,
    1033272,
    1083103,
    1104225,
    1166571,
    1183307,
    1233187
  ],
  "frame_rasterizer_begin_times": [
    0,
    44274,
    65891,
    110913,
    133400,
    177608,
    199356,
    244306,
    270586,
    310947,
    332645,
    377713,
    400051,
    444341,
    463203,
    512615,
    528407,
    593020,
    615156,
    677640,
    699019,
    744221,
    771169,
    810956,
    832659,
    877586,
    900073,
    944253,
    963256,
    1011125,
    1028164,
    1088286,
    1103251,
    1161035,
    1182246,
    1227567
  ],
  "average_vsync_transitions_missed": 0.0,
  "90th_percentile_vsync_transitions_missed": 0.0,
  "99th_percentile_vsync_transitions_missed": 0.0,
  "average_vsync_frame_lag": 0.0,
  "90th_percentile_vsync_frame_lag": 0.0,
  "99th_percentile_vsync_frame_lag": 0.0,
  "average_layer_cache_count": 0.0,
  "90th_percentile_layer_cache_count": 0.0,
  "99th_percentile_layer_cache_count": 0.0,
  "average_frame_request_pending_latency": 13665.72972972973,
  "90th_percentile_frame_request_pending_latency": 16714.0,
  "99th_percentile_frame_request_pending_latency": 20998.0,
  "worst_layer_cache_count": 0.0,
  "average_layer_cache_memory": 0.0,
  "90th_percentile_layer_cache_memory": 0.0,
  "99th_percentile_layer_cache_memory": 0.0,
  "worst_layer_cache_memory": 0.0,
  "average_picture_cache_count": 0.0,
  "90th_percentile_picture_cache_count": 0.0,
  "99th_percentile_picture_cache_count": 0.0,
  "worst_picture_cache_count": 0.0,
  "average_picture_cache_memory": 0.0,
  "90th_percentile_picture_cache_memory": 0.0,
  "99th_percentile_picture_cache_memory": 0.0,
  "worst_picture_cache_memory": 0.0,
  "total_ui_gc_time": 48.044,
  "30hz_frame_percentage": 0.0,
  "60hz_frame_percentage": 100.0,
  "80hz_frame_percentage": 0.0,
  "90hz_frame_percentage": 0.0,
  "120hz_frame_percentage": 0.0,
  "illegal_refresh_rate_frame_count": 0,
  "average_gpu_frame_time": 0.7812496666666667,
  "90th_percentile_gpu_frame_time": 0.976562,
  "99th_percentile_gpu_frame_time": 1.953125,
  "worst_gpu_frame_time": 1.953125,
  "average_gpu_memory_mb": 4.000004,
  "90th_percentile_gpu_memory_mb": 4.000004,
  "99th_percentile_gpu_memory_mb": 4.000004,
  "worst_gpu_memory_mb": 4.000004,
  "average_cpu_usage": 56.1,
  "90th_percentile_cpu_usage": 56.1,
  "99th_percentile_cpu_usage": 56.1,
  "average_gpu_usage": 0.0,
  "90th_percentile_gpu_usage": 0.0,
  "99th_percentile_gpu_usage": 0.0,
  "average_memory_usage": 209.125,
  "90th_percentile_memory_usage": 209.125,
  "99th_percentile_memory_usage": 209.125
}